"year";"plot";"guild";"intraguild.type";"fd.average";"fd.sd";"iso.fd"
2019;1;"plants";"mean_field";0,153411661657033;NA;0
2019;1;"floral visitors";"mean_field";0,199605446904141;NA;0
2019;1;"herbivores";"mean_field";0,1092824180633;NA;0
2019;1;"plants-floral visitors";"mean_field";0,145141194707714;NA;0
2019;1;"plants-herbivores";"mean_field";0,144915067828238;NA;0
2019;1;"all";"mean_field";0,155569508175388;NA;0
2019;2;"plants";"mean_field";0,15478538083322;NA;0
2019;2;"floral visitors";"mean_field";0,231947709116463;NA;0
2019;2;"herbivores";"mean_field";0,142871922685616;NA;0
2019;2;"plants-floral visitors";"mean_field";0,235054887412867;NA;0
2019;2;"plants-herbivores";"mean_field";0,159177341751919;NA;0
2019;2;"all";"mean_field";0,195754445871646;NA;0
2019;3;"plants";"mean_field";0,153734564268419;NA;0
2019;3;"floral visitors";"mean_field";0,214730779119652;NA;0
2019;3;"herbivores";"mean_field";0,141836915531208;NA;0
2019;3;"plants-floral visitors";"mean_field";0,246287000918869;NA;0
2019;3;"plants-herbivores";"mean_field";0,15651263977567;NA;0
2019;3;"all";"mean_field";0,196892011425301;NA;0
2019;4;"plants";"mean_field";0,199661642380218;NA;0
2019;4;"floral visitors";"mean_field";0,214672022284773;NA;0
2019;4;"herbivores";"mean_field";0,143233428908739;NA;0
2019;4;"plants-floral visitors";"mean_field";0,238265258414351;NA;0
2019;4;"plants-herbivores";"mean_field";0,14549976183745;NA;0
2019;4;"all";"mean_field";0,1845574391482;NA;0
2019;5;"plants";"mean_field";0,174563314132886;NA;0
2019;5;"floral visitors";"mean_field";0,252080925126798;NA;0
2019;5;"herbivores";"mean_field";0,131368251340552;NA;0
2019;5;"plants-floral visitors";"mean_field";0,244310666248871;NA;0
2019;5;"plants-herbivores";"mean_field";0,136302127057649;NA;0
2019;5;"all";"mean_field";0,176236088811363;NA;0
2019;6;"plants";"mean_field";0,214623071857879;NA;0
2019;6;"floral visitors";"mean_field";0,214685753685315;NA;0
2019;6;"herbivores";"mean_field";0,0971850000009864;NA;0
2019;6;"plants-floral visitors";"mean_field";0,233600319580718;NA;0
2019;6;"plants-herbivores";"mean_field";0,109026857550824;NA;0
2019;6;"all";"mean_field";0,131067244244406;NA;0
2019;7;"plants";"mean_field";0,120556768498488;NA;0
2019;7;"floral visitors";"mean_field";0,120566651899429;NA;0
2019;7;"herbivores";"mean_field";0,153767999586295;NA;0
2019;7;"plants-floral visitors";"mean_field";0,172713578589572;NA;0
2019;7;"plants-herbivores";"mean_field";0,129910702415934;NA;0
2019;7;"all";"mean_field";0,144483152948944;NA;0
2019;8;"plants";"mean_field";0,131307026639903;NA;0
2019;8;"floral visitors";"mean_field";0,0895871122585788;NA;0
2019;8;"herbivores";"mean_field";0,143681979233966;NA;0
2019;8;"plants-floral visitors";"mean_field";0,103460747631231;NA;0
2019;8;"plants-herbivores";"mean_field";0,138767688204626;NA;0
2019;8;"all";"mean_field";0,101565894367327;NA;0
2019;9;"plants";"mean_field";0,132043705885268;NA;0
2019;9;"floral visitors";"mean_field";0,19971989595721;NA;0
2019;9;"herbivores";"mean_field";0,0995946161797437;NA;0
2019;9;"plants-floral visitors";"mean_field";0,211912093734619;NA;0
2019;9;"plants-herbivores";"mean_field";0,141853133227535;NA;0
2019;9;"all";"mean_field";0,153501954331458;NA;0
2020;1;"plants";"mean_field";0,153875119496561;NA;0
2020;1;"floral visitors";"mean_field";0,143024808118839;NA;0
2020;1;"herbivores";"mean_field";0,110251722336402;NA;0
2020;1;"plants-floral visitors";"mean_field";0,175075162601493;NA;0
2020;1;"plants-herbivores";"mean_field";0,107331643870238;NA;0
2020;1;"all";"mean_field";0,179317983500515;NA;0
2020;2;"plants";"mean_field";0,152949487172763;NA;0
2020;2;"floral visitors";"mean_field";0,144224714270422;NA;0
2020;2;"herbivores";"mean_field";0,0975380924915663;NA;0
2020;2;"plants-floral visitors";"mean_field";0,188596858774379;NA;0
2020;2;"plants-herbivores";"mean_field";0,0905733029295942;NA;0
2020;2;"all";"mean_field";0,168213272848664;NA;0
2020;3;"plants";"mean_field";0,152719027703548;NA;0
2020;3;"floral visitors";"mean_field";0,153523467566464;NA;0
2020;3;"herbivores";"mean_field";0,10073031627757;NA;0
2020;3;"plants-floral visitors";"mean_field";0,224445468685082;NA;0
2020;3;"plants-herbivores";"mean_field";0,0877354252787796;NA;0
2020;3;"all";"mean_field";0,152582762120686;NA;0
2020;4;"plants";"mean_field";0,199587494905874;NA;0
2020;4;"floral visitors";"mean_field";0,303947969823751;NA;0
2020;4;"herbivores";"mean_field";0,133706656192669;NA;0
2020;4;"plants-floral visitors";"mean_field";0,306006322442252;NA;0
2020;4;"plants-herbivores";"mean_field";0,130311139902013;NA;0
2020;4;"all";"mean_field";0,195090954677273;NA;0
2020;5;"plants";"mean_field";0,174674662611821;NA;0
2020;5;"floral visitors";"mean_field";0,303941841653876;NA;0
2020;5;"herbivores";"mean_field";0,142079474084774;NA;0
2020;5;"plants-floral visitors";"mean_field";0,272368912011608;NA;0
2020;5;"plants-herbivores";"mean_field";0,121374988833916;NA;0
2020;5;"all";"mean_field";0,182126581417116;NA;0
2020;6;"plants";"mean_field";0,214667771431903;NA;0
2020;6;"floral visitors";"mean_field";0,432628064058492;NA;0
2020;6;"herbivores";"mean_field";0,100223610922096;NA;0
2020;6;"plants-floral visitors";"mean_field";0,269301900651873;NA;0
2020;6;"plants-herbivores";"mean_field";0,0913126333656091;NA;0
2020;6;"all";"mean_field";0,122571163646548;NA;0
2020;7;"plants";"mean_field";0,121709120218515;NA;0
2020;7;"floral visitors";"mean_field";0,186138272784431;NA;0
2020;7;"herbivores";"mean_field";0,132155465002712;NA;0
2020;7;"plants-floral visitors";"mean_field";0,177863403746583;NA;0
2020;7;"plants-herbivores";"mean_field";0,117711127203651;NA;0
2020;7;"all";"mean_field";0,16791406229339;NA;0
2020;8;"plants";"mean_field";0,131439854039206;NA;0
2020;8;"floral visitors";"mean_field";0,100678294533814;NA;0
2020;8;"herbivores";"mean_field";0,121466751965093;NA;0
2020;8;"plants-floral visitors";"mean_field";0,18454686323551;NA;0
2020;8;"plants-herbivores";"mean_field";0,129757526370533;NA;0
2020;8;"all";"mean_field";0,15071732126847;NA;0
2020;9;"plants";"mean_field";0,13321052620069;NA;0
2020;9;"floral visitors";"mean_field";0,131039873053636;NA;0
2020;9;"herbivores";"mean_field";0,11020271744879;NA;0
2020;9;"plants-floral visitors";"mean_field";0,126588856495082;NA;0
2020;9;"plants-herbivores";"mean_field";0,147487547689351;NA;0
2020;9;"all";"mean_field";0,142052657029081;NA;0
2019;1;"plants";"phenology";0,151252016350018;NA;0
2019;1;"floral visitors";"phenology";0,000211124872454835;NA;0
2019;1;"herbivores";"phenology";0;NA;0
2019;1;"plants-floral visitors";"phenology";0,0528945650316865;NA;0
2019;1;"plants-herbivores";"phenology";NA;NA;0
2019;1;"all";"phenology";0;0;0
2019;2;"plants";"phenology";0,101385903286601;NA;0
2019;2;"floral visitors";"phenology";0,0349477682473984;NA;0
2019;2;"herbivores";"phenology";0;0;0
2019;2;"plants-floral visitors";"phenology";0,223140204924305;NA;0
2019;2;"plants-herbivores";"phenology";0;NA;0
2019;2;"all";"phenology";4,03008636245251e-05;NA;0
2019;3;"plants";"phenology";0,0675787021341706;NA;0
2019;3;"floral visitors";"phenology";5,03847132535263e-05;NA;0
2019;3;"herbivores";"phenology";0;0;0
2019;3;"plants-floral visitors";"phenology";0,0109682828845454;NA;0
2019;3;"plants-herbivores";"phenology";0;NA;0
2019;3;"all";"phenology";0;NA;0
2019;4;"plants";"phenology";0,0340643497629986;0,0151373430678087;0
2019;4;"floral visitors";"phenology";0,00226790263798471;NA;0
2019;4;"herbivores";"phenology";0;NA;0
2019;4;"plants-floral visitors";"phenology";0,0252718382766577;NA;0
2019;4;"plants-herbivores";"phenology";6,61127485406603e-06;NA;0
2019;4;"all";"phenology";0;0;0
2019;5;"plants";"phenology";0,0235892788918629;NA;0
2019;5;"floral visitors";"phenology";0,00455988839871757;NA;0
2019;5;"herbivores";"phenology";0;0;0
2019;5;"plants-floral visitors";"phenology";0,0240742951358456;0,0100362089161136;0
2019;5;"plants-herbivores";"phenology";0;0;0
2019;5;"all";"phenology";0;0;0
2019;6;"plants";"phenology";0,0165463606601938;NA;0
2019;6;"floral visitors";"phenology";0,000232149716491038;NA;0
2019;6;"herbivores";"phenology";0;0;0
2019;6;"plants-floral visitors";"phenology";0,000809422813481464;NA;0
2019;6;"plants-herbivores";"phenology";0;0;0
2019;6;"all";"phenology";0;0;0
2019;7;"plants";"phenology";0,0376360705702477;NA;0
2019;7;"floral visitors";"phenology";0;0;0
2019;7;"herbivores";"phenology";0;NA;0
2019;7;"plants-floral visitors";"phenology";0,00117143426868326;NA;0
2019;7;"plants-herbivores";"phenology";0,00459853403583481;NA;0
2019;7;"all";"phenology";0;NA;0
2019;8;"plants";"phenology";0,00180362515495674;NA;0
2019;8;"floral visitors";"phenology";0;0;0
2019;8;"herbivores";"phenology";0;NA;0
2019;8;"plants-floral visitors";"phenology";4,89451455405934e-06;NA;0
2019;8;"plants-herbivores";"phenology";0,00376609414964317;NA;0
2019;8;"all";"phenology";0;NA;0
2019;9;"plants";"phenology";0,0881047869022776;NA;0
2019;9;"floral visitors";"phenology";0,000401707049504253;NA;0
2019;9;"herbivores";"phenology";0;0;0
2019;9;"plants-floral visitors";"phenology";0,137428502815639;NA;0
2019;9;"plants-herbivores";"phenology";0,000302104107935376;NA;0
2019;9;"all";"phenology";0;NA;0
2020;1;"plants";"phenology";0,147976819438028;NA;0
2020;1;"floral visitors";"phenology";0;0;0
2020;1;"herbivores";"phenology";0;0;0
2020;1;"plants-floral visitors";"phenology";0,00461203527251466;0,00438815969847629;0
2020;1;"plants-herbivores";"phenology";0;0;0
2020;1;"all";"phenology";0;0;0
2020;2;"plants";"phenology";0,102626217132352;NA;0
2020;2;"floral visitors";"phenology";0;NA;0
2020;2;"herbivores";"phenology";0;0;0
2020;2;"plants-floral visitors";"phenology";0,0513494017261106;NA;0
2020;2;"plants-herbivores";"phenology";0;NA;0
2020;2;"all";"phenology";0;NA;0
2020;3;"plants";"phenology";0,0699319261461769;NA;0
2020;3;"floral visitors";"phenology";0;0;0
2020;3;"herbivores";"phenology";0;0;0
2020;3;"plants-floral visitors";"phenology";0;NA;0
2020;3;"plants-herbivores";"phenology";0;NA;0
2020;3;"all";"phenology";0;0;0
2020;4;"plants";"phenology";0,0381995199795838;0,0092430420792997;0
2020;4;"floral visitors";"phenology";0,23572077102687;NA;0
2020;4;"herbivores";"phenology";0;0;0
2020;4;"plants-floral visitors";"phenology";0,141961842910059;0,0243857708344731;0
2020;4;"plants-herbivores";"phenology";0;0;0
2020;4;"all";"phenology";0;0;0
2020;5;"plants";"phenology";0,0275217309253699;NA;0
2020;5;"floral visitors";"phenology";0,0299342585200931;NA;0
2020;5;"herbivores";"phenology";0;0;0
2020;5;"plants-floral visitors";"phenology";0,092576371089368;0,0105469213493234;0
2020;5;"plants-herbivores";"phenology";0;0;0
2020;5;"all";"phenology";0;0;0
2020;6;"plants";"phenology";0,0161879876944858;NA;0
2020;6;"floral visitors";"phenology";0,270221816541053;NA;0
2020;6;"herbivores";"phenology";0;0;0
2020;6;"plants-floral visitors";"phenology";0,18402229618032;NA;0
2020;6;"plants-herbivores";"phenology";0;0;0
2020;6;"all";"phenology";0;0;0
2020;7;"plants";"phenology";0,0391784343808569;NA;0
2020;7;"floral visitors";"phenology";0;0;0
2020;7;"herbivores";"phenology";0;0;0
2020;7;"plants-floral visitors";"phenology";0,00211654751306849;NA;0
2020;7;"plants-herbivores";"phenology";0;NA;0
2020;7;"all";"phenology";0;0;0
2020;8;"plants";"phenology";0,00149873587300482;NA;0
2020;8;"floral visitors";"phenology";0;0;0
2020;8;"herbivores";"phenology";0;0;0
2020;8;"plants-floral visitors";"phenology";4,49380643186314e-06;NA;0
2020;8;"plants-herbivores";"phenology";0,000214720501727576;0,000473233991382528;0
2020;8;"all";"phenology";0;0;0
2020;9;"plants";"phenology";0,086542277587211;NA;0
2020;9;"floral visitors";"phenology";0;0;0
2020;9;"herbivores";"phenology";0;0;0
2020;9;"plants-floral visitors";"phenology";0,000230038686684035;NA;0
2020;9;"plants-herbivores";"phenology";0;NA;0
2020;9;"all";"phenology";0;NA;0
2019;1;"plants";"nesting";0,153569975657205;NA;0
2019;1;"floral visitors";"nesting";0,3590310567474;NA;0
2019;1;"herbivores";"nesting";0,203147388117771;NA;0
2019;1;"plants-floral visitors";"nesting";0,233281375172826;NA;0
2019;1;"plants-herbivores";"nesting";0,194797558463748;NA;0
2019;1;"all";"nesting";0,237477480183533;NA;0
2019;2;"plants";"nesting";0,153156982071866;NA;0
2019;2;"floral visitors";"nesting";0,396531566350737;NA;0
2019;2;"herbivores";"nesting";0,229610989129468;NA;0
2019;2;"plants-floral visitors";"nesting";0,259355374808465;NA;0
2019;2;"plants-herbivores";"nesting";0,193352825386234;NA;0
2019;2;"all";"nesting";0,26241258617735;NA;0
2019;3;"plants";"nesting";0,152507893075112;NA;0
2019;3;"floral visitors";"nesting";0,355566586199952;NA;0
2019;3;"herbivores";"nesting";0,218511180045564;NA;0
2019;3;"plants-floral visitors";"nesting";0,2702260593645;NA;0
2019;3;"plants-herbivores";"nesting";0,183439410188638;NA;0
2019;3;"all";"nesting";0,244243972966445;NA;0
2019;4;"plants";"nesting";0,199598038766295;NA;0
2019;4;"floral visitors";"nesting";0,41433479063472;NA;0
2019;4;"herbivores";"nesting";0,218727710305249;NA;0
2019;4;"plants-floral visitors";"nesting";0,31344459879284;NA;0
2019;4;"plants-herbivores";"nesting";0,184216334395416;NA;0
2019;4;"all";"nesting";0,264278788498942;NA;0
2019;5;"plants";"nesting";0,175373028052569;NA;0
2019;5;"floral visitors";"nesting";0,426531754750604;NA;0
2019;5;"herbivores";"nesting";0,217167296702347;NA;0
2019;5;"plants-floral visitors";"nesting";0,276262560349669;NA;0
2019;5;"plants-herbivores";"nesting";0,177394942018328;NA;0
2019;5;"all";"nesting";0,234410175062401;NA;0
2019;6;"plants";"nesting";0,214687637205608;NA;0
2019;6;"floral visitors";"nesting";0,427878623192872;NA;0
2019;6;"herbivores";"nesting";0,192229951756106;NA;0
2019;6;"plants-floral visitors";"nesting";0,259991985252302;NA;0
2019;6;"plants-herbivores";"nesting";0,168635279609981;NA;0
2019;6;"all";"nesting";0,201187569806855;NA;0
2019;7;"plants";"nesting";0,120543289571851;NA;0
2019;7;"floral visitors";"nesting";0,33264548395688;NA;0
2019;7;"herbivores";"nesting";0,231988607569947;NA;0
2019;7;"plants-floral visitors";"nesting";0,256283000619279;NA;0
2019;7;"plants-herbivores";"nesting";0,143920867893643;NA;0
2019;7;"all";"nesting";0,2295814628664;NA;0
2019;8;"plants";"nesting";0,131915830548011;NA;0
2019;8;"floral visitors";"nesting";0,33425006532713;NA;0
2019;8;"herbivores";"nesting";0,203845453698051;NA;0
2019;8;"plants-floral visitors";"nesting";0,242073816440963;NA;0
2019;8;"plants-herbivores";"nesting";0,154332918988901;NA;0
2019;8;"all";"nesting";0,21764700953441;NA;0
2019;9;"plants";"nesting";0,131925027790697;NA;0
2019;9;"floral visitors";"nesting";0,36559717500404;NA;0
2019;9;"herbivores";"nesting";0,191045514743618;NA;0
2019;9;"plants-floral visitors";"nesting";0,242421699829961;NA;0
2019;9;"plants-herbivores";"nesting";0,171445107080563;NA;0
2019;9;"all";"nesting";0,213444260903581;NA;0
2020;1;"plants";"nesting";0,154679557004057;NA;0
2020;1;"floral visitors";"nesting";0,365171532716469;NA;0
2020;1;"herbivores";"nesting";NA;NA;0
2020;1;"plants-floral visitors";"nesting";0,263475630073063;NA;0
2020;1;"plants-herbivores";"nesting";0,151022883890181;NA;0
2020;1;"all";"nesting";0,285771007600629;NA;0
2020;2;"plants";"nesting";0,154092804436136;NA;0
2020;2;"floral visitors";"nesting";0,3997248353006;NA;0
2020;2;"herbivores";"nesting";0,191582217311155;NA;0
2020;2;"plants-floral visitors";"nesting";0,247532507932615;NA;0
2020;2;"plants-herbivores";"nesting";0,140365452222542;NA;0
2020;2;"all";"nesting";0,267261031867704;NA;0
2020;3;"plants";"nesting";0,153082228954154;NA;0
2020;3;"floral visitors";"nesting";0,389376201042994;NA;0
2020;3;"herbivores";"nesting";0,19249337584777;NA;0
2020;3;"plants-floral visitors";"nesting";0,312804136191953;NA;0
2020;3;"plants-herbivores";"nesting";0,140895049405814;NA;0
2020;3;"all";"nesting";0,25588378590722;NA;0
2020;4;"plants";"nesting";0,19976180267444;NA;0
2020;4;"floral visitors";"nesting";0,424119860564608;NA;0
2020;4;"herbivores";"nesting";0,217253319784246;NA;0
2020;4;"plants-floral visitors";"nesting";0,326829711569096;NA;0
2020;4;"plants-herbivores";"nesting";0,176352618025887;NA;0
2020;4;"all";"nesting";0,264420464736458;NA;0
2020;5;"plants";"nesting";0,17509338750018;NA;0
2020;5;"floral visitors";"nesting";0,445334706779113;NA;0
2020;5;"herbivores";"nesting";NA;NA;0
2020;5;"plants-floral visitors";"nesting";0,298154030811404;NA;0
2020;5;"plants-herbivores";"nesting";0,166542481099577;NA;0
2020;5;"all";"nesting";0,232490138079604;NA;0
2020;6;"plants";"nesting";0,214799373703996;NA;0
2020;6;"floral visitors";"nesting";0,5;NA;0
2020;6;"herbivores";"nesting";0,181335445195744;NA;0
2020;6;"plants-floral visitors";"nesting";0,276936334969685;NA;0
2020;6;"plants-herbivores";"nesting";0,140684268488425;NA;0
2020;6;"all";"nesting";0,179644355719591;NA;0
2020;7;"plants";"nesting";0,121163007096423;NA;0
2020;7;"floral visitors";"nesting";0,41144408308436;NA;0
2020;7;"herbivores";"nesting";NA;NA;0
2020;7;"plants-floral visitors";"nesting";0,236800695352517;NA;0
2020;7;"plants-herbivores";"nesting";0,152165544209422;NA;0
2020;7;"all";"nesting";0,239407632168137;NA;0
2020;8;"plants";"nesting";0,131983283226604;NA;0
2020;8;"floral visitors";"nesting";0,33056303330134;NA;0
2020;8;"herbivores";"nesting";NA;NA;0
2020;8;"plants-floral visitors";"nesting";0,297453021319894;NA;0
2020;8;"plants-herbivores";"nesting";0,156643676385889;NA;0
2020;8;"all";"nesting";0,261845692850696;NA;0
2020;9;"plants";"nesting";0,132224810475458;NA;0
2020;9;"floral visitors";"nesting";0,344519309604625;NA;0
2020;9;"herbivores";"nesting";NA;NA;0
2020;9;"plants-floral visitors";"nesting";0,221020768264884;NA;0
2020;9;"plants-herbivores";"nesting";0,19074687016465;NA;0
2020;9;"all";"nesting";0,236170209257909;NA;0
2019;1;"plants";"larvae";0,152846100057175;NA;0
2019;1;"floral visitors";"larvae";0,359036416966256;NA;0
2019;1;"herbivores";"larvae";0,373246376876041;NA;0
2019;1;"plants-floral visitors";"larvae";0,237242305811275;NA;0
2019;1;"plants-herbivores";"larvae";0,254644454265132;NA;0
2019;1;"all";"larvae";0,306052286404896;NA;0
2019;2;"plants";"larvae";0,153420852251093;NA;0
2019;2;"floral visitors";"larvae";0,382436262976345;NA;0
2019;2;"herbivores";"larvae";0,364781912754971;NA;0
2019;2;"plants-floral visitors";"larvae";0,263889696452083;NA;0
2019;2;"plants-herbivores";"larvae";0,227882069224106;NA;0
2019;2;"all";"larvae";0,292387225361296;NA;0
2019;3;"plants";"larvae";0,152856700578212;NA;0
2019;3;"floral visitors";"larvae";0,403251608688879;NA;0
2019;3;"herbivores";"larvae";0,393276430988987;NA;0
2019;3;"plants-floral visitors";"larvae";0,285770556861366;NA;0
2019;3;"plants-herbivores";"larvae";0,2409330076167;NA;0
2019;3;"all";"larvae";0,317228205909546;NA;0
2019;4;"plants";"larvae";0,199581184340589;NA;0
2019;4;"floral visitors";"larvae";0,346062685764698;NA;0
2019;4;"herbivores";"larvae";0,416011304674502;NA;0
2019;4;"plants-floral visitors";"larvae";0,287305040050444;NA;0
2019;4;"plants-herbivores";"larvae";0,266593131652749;NA;0
2019;4;"all";"larvae";0,321183471235183;NA;0
2019;5;"plants";"larvae";0,174734200523842;NA;0
2019;5;"floral visitors";"larvae";0,355457317746937;NA;0
2019;5;"herbivores";"larvae";0,394539462591468;NA;0
2019;5;"plants-floral visitors";"larvae";0,265215837208001;NA;0
2019;5;"plants-herbivores";"larvae";0,247148572755211;NA;0
2019;5;"all";"larvae";0,292551564191771;NA;0
2019;6;"plants";"larvae";0,214716373912984;NA;0
2019;6;"floral visitors";"larvae";0,371323980152551;NA;0
2019;6;"herbivores";"larvae";0,370106005760334;NA;0
2019;6;"plants-floral visitors";"larvae";0,276414758955599;NA;0
2019;6;"plants-herbivores";"larvae";0,263268509535282;NA;0
2019;6;"all";"larvae";0,297282791843875;NA;0
2019;7;"plants";"larvae";0,120843643107518;NA;0
2019;7;"floral visitors";"larvae";0,327891426703821;NA;0
2019;7;"herbivores";"larvae";0,419161202144553;NA;0
2019;7;"plants-floral visitors";"larvae";0,250448242488054;NA;0
2019;7;"plants-herbivores";"larvae";0,186092847036276;NA;0
2019;7;"all";"larvae";0,254839423539687;NA;0
2019;8;"plants";"larvae";0,13311980525895;NA;0
2019;8;"floral visitors";"larvae";0,334922720096815;NA;0
2019;8;"herbivores";"larvae";0,410259611040052;NA;0
2019;8;"plants-floral visitors";"larvae";0,23629828408971;NA;0
2019;8;"plants-herbivores";"larvae";0,218733550760272;NA;0
2019;8;"all";"larvae";0,270698599699248;NA;0
2019;9;"plants";"larvae";0,131759119101668;NA;0
2019;9;"floral visitors";"larvae";0,330160695557505;NA;0
2019;9;"herbivores";"larvae";0,379027743494852;NA;0
2019;9;"plants-floral visitors";"larvae";0,231232528573649;NA;0
2019;9;"plants-herbivores";"larvae";0,241621586026896;NA;0
2019;9;"all";"larvae";0,258058421176166;NA;0
2020;1;"plants";"larvae";0,152623090601005;NA;0
2020;1;"floral visitors";"larvae";0,388353789837383;NA;0
2020;1;"herbivores";"larvae";0,365036834750706;NA;0
2020;1;"plants-floral visitors";"larvae";0,268856307764761;NA;0
2020;1;"plants-herbivores";"larvae";0,212355126997986;NA;0
2020;1;"all";"larvae";0,354436284321844;NA;0
2020;2;"plants";"larvae";0,153112691000872;NA;0
2020;2;"floral visitors";"larvae";0,345190889758094;NA;0
2020;2;"herbivores";"larvae";0,346991134109162;NA;0
2020;2;"plants-floral visitors";"larvae";0,254652099364146;NA;0
2020;2;"plants-herbivores";"larvae";0,198035207688673;NA;0
2020;2;"all";"larvae";0,318141551038818;NA;0
2020;3;"plants";"larvae";0,153633308569008;NA;0
2020;3;"floral visitors";"larvae";0,356665273039088;NA;0
2020;3;"herbivores";"larvae";NA;NA;0
2020;3;"plants-floral visitors";"larvae";0,301459690292858;NA;0
2020;3;"plants-herbivores";"larvae";0,16104049727832;NA;0
2020;3;"all";"larvae";0,27509595786736;NA;0
2020;4;"plants";"larvae";0,199461203108819;NA;0
2020;4;"floral visitors";"larvae";0,424120365427414;NA;0
2020;4;"herbivores";"larvae";0,340513813672165;NA;0
2020;4;"plants-floral visitors";"larvae";0,32691587821699;NA;0
2020;4;"plants-herbivores";"larvae";0,222464535665487;NA;0
2020;4;"all";"larvae";0,312076078095758;NA;0
2020;5;"plants";"larvae";0,17465266457849;NA;0
2020;5;"floral visitors";"larvae";0,445334379593956;NA;0
2020;5;"herbivores";"larvae";0,325557450330837;NA;0
2020;5;"plants-floral visitors";"larvae";0,298376983793346;NA;0
2020;5;"plants-herbivores";"larvae";0,192420586823324;NA;0
2020;5;"all";"larvae";0,273345678046287;NA;0
2020;6;"plants";"larvae";0,214710391770486;NA;0
2020;6;"floral visitors";"larvae";0,5;NA;0
2020;6;"herbivores";"larvae";0,34556524728609;NA;0
2020;6;"plants-floral visitors";"larvae";0,276941811749497;NA;0
2020;6;"plants-herbivores";"larvae";0,239089128879989;NA;0
2020;6;"all";"larvae";0,273431477120238;NA;0
2020;7;"plants";"larvae";0,120034150031236;NA;0
2020;7;"floral visitors";"larvae";0,408440786459247;NA;0
2020;7;"herbivores";"larvae";0,363856479509804;NA;0
2020;7;"plants-floral visitors";"larvae";0,23610046356238;NA;0
2020;7;"plants-herbivores";"larvae";0,182003940037607;NA;0
2020;7;"all";"larvae";0,28384279778639;NA;0
2020;8;"plants";"larvae";0,133157718648282;NA;0
2020;8;"floral visitors";"larvae";0,329625698112852;NA;0
2020;8;"herbivores";"larvae";0,336653528185297;NA;0
2020;8;"plants-floral visitors";"larvae";0,307386633518115;NA;0
2020;8;"plants-herbivores";"larvae";0,199668590962809;NA;0
2020;8;"all";"larvae";0,31536146719084;NA;0
2020;9;"plants";"larvae";0,132138946549455;NA;0
2020;9;"floral visitors";"larvae";0,362019207798746;NA;0
2020;9;"herbivores";"larvae";0,370954483417969;NA;0
2020;9;"plants-floral visitors";"larvae";0,227165666660668;NA;0
2020;9;"plants-herbivores";"larvae";0,239028296954302;NA;0
2020;9;"all";"larvae";0,303975438546201;NA;0
2019;1;"plants";"phenology_nesting_larvae";0,147797417868713;NA;0
2019;1;"floral visitors";"phenology_nesting_larvae";0,172644875717267;NA;0
2019;1;"herbivores";"phenology_nesting_larvae";0,105045121104111;NA;0
2019;1;"plants-floral visitors";"phenology_nesting_larvae";0,207527081337802;NA;0
2019;1;"plants-herbivores";"phenology_nesting_larvae";0,0515791748611625;NA;0
2019;1;"all";"phenology_nesting_larvae";0,115432671908656;NA;0
2019;2;"plants";"phenology_nesting_larvae";0,101329937254295;NA;0
2019;2;"floral visitors";"phenology_nesting_larvae";0,217138753187675;NA;0
2019;2;"herbivores";"phenology_nesting_larvae";0,131965213966833;NA;0
2019;2;"plants-floral visitors";"phenology_nesting_larvae";0,280766750887404;NA;0
2019;2;"plants-herbivores";"phenology_nesting_larvae";0,13099738848778;NA;0
2019;2;"all";"phenology_nesting_larvae";0,180960985664066;NA;0
2019;3;"plants";"phenology_nesting_larvae";0,0691442777104445;NA;0
2019;3;"floral visitors";"phenology_nesting_larvae";0,171607979268539;NA;0
2019;3;"herbivores";"phenology_nesting_larvae";0,130160412452644;NA;0
2019;3;"plants-floral visitors";"phenology_nesting_larvae";0,115505244207311;NA;0
2019;3;"plants-herbivores";"phenology_nesting_larvae";0,030359082946221;NA;0
2019;3;"all";"phenology_nesting_larvae";0,0729314964605351;NA;0
2019;4;"plants";"phenology_nesting_larvae";0,0360642800729276;0,0161445967068911;0
2019;4;"floral visitors";"phenology_nesting_larvae";0,186802894303021;NA;0
2019;4;"herbivores";"phenology_nesting_larvae";0,101326822130037;NA;0
2019;4;"plants-floral visitors";"phenology_nesting_larvae";0,160011056899057;NA;0
2019;4;"plants-herbivores";"phenology_nesting_larvae";0,00500765034416322;NA;0
2019;4;"all";"phenology_nesting_larvae";0,0547566700897928;NA;0
2019;5;"plants";"phenology_nesting_larvae";0,023620040543784;NA;0
2019;5;"floral visitors";"phenology_nesting_larvae";0,195343611787493;NA;0
2019;5;"herbivores";"phenology_nesting_larvae";0,0990963196336274;NA;0
2019;5;"plants-floral visitors";"phenology_nesting_larvae";0,0131595873133541;NA;0
2019;5;"plants-herbivores";"phenology_nesting_larvae";0,000139058664824109;NA;0
2019;5;"all";"phenology_nesting_larvae";0,0118564464757961;NA;0
2019;6;"plants";"phenology_nesting_larvae";0,016700983917801;NA;0
2019;6;"floral visitors";"phenology_nesting_larvae";0,1878116059587;NA;0
2019;6;"herbivores";"phenology_nesting_larvae";0,111263116460949;NA;0
2019;6;"plants-floral visitors";"phenology_nesting_larvae";0,104248164167405;NA;0
2019;6;"plants-herbivores";"phenology_nesting_larvae";6,05243383958338e-05;NA;0
2019;6;"all";"phenology_nesting_larvae";0,00147685815036666;NA;0
2019;7;"plants";"phenology_nesting_larvae";0,0415936201038593;NA;0
2019;7;"floral visitors";"phenology_nesting_larvae";0,162885508968547;NA;0
2019;7;"herbivores";"phenology_nesting_larvae";0,109294671076712;NA;0
2019;7;"plants-floral visitors";"phenology_nesting_larvae";0,100836697842301;NA;0
2019;7;"plants-herbivores";"phenology_nesting_larvae";0,0697254073848791;NA;0
2019;7;"all";"phenology_nesting_larvae";0,104558828372994;NA;0
2019;8;"plants";"phenology_nesting_larvae";0,0017460146969889;NA;0
2019;8;"floral visitors";"phenology_nesting_larvae";0,158632746753065;NA;0
2019;8;"herbivores";"phenology_nesting_larvae";0,120586330783191;NA;0
2019;8;"plants-floral visitors";"phenology_nesting_larvae";0,0892118275097276;NA;0
2019;8;"plants-herbivores";"phenology_nesting_larvae";0,0619539321063467;NA;0
2019;8;"all";"phenology_nesting_larvae";0,0647856968935903;NA;0
2019;9;"plants";"phenology_nesting_larvae";0,088295992109155;NA;0
2019;9;"floral visitors";"phenology_nesting_larvae";0,166668669914909;NA;0
2019;9;"herbivores";"phenology_nesting_larvae";0,107865294126359;NA;0
2019;9;"plants-floral visitors";"phenology_nesting_larvae";0,231895120412875;NA;0
2019;9;"plants-herbivores";"phenology_nesting_larvae";0,102831571130943;NA;0
2019;9;"all";"phenology_nesting_larvae";0,112957317756195;NA;0
2020;1;"plants";"phenology_nesting_larvae";0,149277798271582;NA;0
2020;1;"floral visitors";"phenology_nesting_larvae";0,15117657526837;NA;0
2020;1;"herbivores";"phenology_nesting_larvae";0,0746437167979825;NA;0
2020;1;"plants-floral visitors";"phenology_nesting_larvae";0,214480064632841;NA;0
2020;1;"plants-herbivores";"phenology_nesting_larvae";0,0160521698228735;0,00398223450218138;0
2020;1;"all";"phenology_nesting_larvae";0,101269295932024;0,0129159336111651;0
2020;2;"plants";"phenology_nesting_larvae";0,102030378531121;NA;0
2020;2;"floral visitors";"phenology_nesting_larvae";0,159042440646003;NA;0
2020;2;"herbivores";"phenology_nesting_larvae";0,0807921608908509;NA;0
2020;2;"plants-floral visitors";"phenology_nesting_larvae";0,234839014250157;NA;0
2020;2;"plants-herbivores";"phenology_nesting_larvae";0,0535869996653717;NA;0
2020;2;"all";"phenology_nesting_larvae";0,136878235159722;NA;0
2020;3;"plants";"phenology_nesting_larvae";0,0693140025972996;NA;0
2020;3;"floral visitors";"phenology_nesting_larvae";0,15887701277343;NA;0
2020;3;"herbivores";"phenology_nesting_larvae";0,0729831516496099;NA;0
2020;3;"plants-floral visitors";"phenology_nesting_larvae";0,118271479278459;NA;0
2020;3;"plants-herbivores";"phenology_nesting_larvae";0,00237510780663408;NA;0
2020;3;"all";"phenology_nesting_larvae";0,0300923665677322;NA;0
2020;4;"plants";"phenology_nesting_larvae";0,0378757586932288;0,0104446240525789;0
2020;4;"floral visitors";"phenology_nesting_larvae";0,350652899308953;NA;0
2020;4;"herbivores";"phenology_nesting_larvae";0,0861713954599226;NA;0
2020;4;"plants-floral visitors";"phenology_nesting_larvae";0,160357052808508;0,0288294672186023;0
2020;4;"plants-herbivores";"phenology_nesting_larvae";0,00449152791943891;0,00314750000167216;0
2020;4;"all";"phenology_nesting_larvae";0,0315350070198116;0,0135934653920847;0
2020;5;"plants";"phenology_nesting_larvae";0,026419525602878;NA;0
2020;5;"floral visitors";"phenology_nesting_larvae";0,254197179948849;NA;0
2020;5;"herbivores";"phenology_nesting_larvae";0,0790544060487807;NA;0
2020;5;"plants-floral visitors";"phenology_nesting_larvae";0,13853094722346;NA;0
2020;5;"plants-herbivores";"phenology_nesting_larvae";0,00628530061914261;NA;0
2020;5;"all";"phenology_nesting_larvae";0,0293693545425654;NA;0
2020;6;"plants";"phenology_nesting_larvae";0,0165549260021066;NA;0
2020;6;"floral visitors";"phenology_nesting_larvae";0,426245175936406;NA;0
2020;6;"herbivores";"phenology_nesting_larvae";0,0666174714494822;NA;0
2020;6;"plants-floral visitors";"phenology_nesting_larvae";0,168987810796603;NA;0
2020;6;"plants-herbivores";"phenology_nesting_larvae";0;NA;0
2020;6;"all";"phenology_nesting_larvae";0,0110677779443615;NA;0
2020;7;"plants";"phenology_nesting_larvae";0,0401643307141547;NA;0
2020;7;"floral visitors";"phenology_nesting_larvae";0,17970304714246;NA;0
2020;7;"herbivores";"phenology_nesting_larvae";0,0751783207969593;NA;0
2020;7;"plants-floral visitors";"phenology_nesting_larvae";0,0676523835892973;NA;0
2020;7;"plants-herbivores";"phenology_nesting_larvae";0,0191099099995739;NA;0
2020;7;"all";"phenology_nesting_larvae";0,0612913316080875;NA;0
2020;8;"plants";"phenology_nesting_larvae";0,00164820723500777;NA;0
2020;8;"floral visitors";"phenology_nesting_larvae";0,134644452911249;NA;0
2020;8;"herbivores";"phenology_nesting_larvae";0,090961838590449;NA;0
2020;8;"plants-floral visitors";"phenology_nesting_larvae";0,161941584589203;NA;0
2020;8;"plants-herbivores";"phenology_nesting_larvae";0,0719085844821797;NA;0
2020;8;"all";"phenology_nesting_larvae";0,171437214059155;NA;0
2020;9;"plants";"phenology_nesting_larvae";0,0902319258741543;NA;0
2020;9;"floral visitors";"phenology_nesting_larvae";0,15935858135645;NA;0
2020;9;"herbivores";"phenology_nesting_larvae";0,0688107832973134;NA;0
2020;9;"plants-floral visitors";"phenology_nesting_larvae";0,202985004566174;NA;0
2020;9;"plants-herbivores";"phenology_nesting_larvae";0,0981468782937947;NA;0
2020;9;"all";"phenology_nesting_larvae";0,113535239593295;NA;0
